<?xml version="1.0" encoding="UTF-8"?>
<component xmlns="http://www.opensource-socialnetwork.org/v/3.0">
    <name>SMTP Notifications</name>
    <id>SMTP</id>
    <author>Core Team</author>
    <description>Send notifications using SMTP email server.</description>
    <license>GNU General Public License, version 2</license>
    <author_url>http://www.informatikon.com/</author_url>
    <license_url>http://www.opensource-socialnetwork.org/licence/</license_url>
    <version>1.1</version>
	<requires>
		<type>ossn_version</type>
		<version>4.2</version>
	</requires>
</component>
